{
  "_": {
    "EN" : "No level",
    "RU" : "Нету уровня",
    "UA" : "Нема рівень",
    "LT" : "Nėra lygis"
  },
  "0": {
    "EN" : "No level",
    "RU" : "Нету уровня",
    "UA" : "Нема рівень",
    "LT" : "Nėra lygis"
  },
  "00": {
    "EN" : "No level",
    "RU" : "Нету уровня",
    "UA" : "Нема рівень",
    "LT" : "Nėra lygis"
  },
  "1": {
    "EN" : "Level 1",
    "RU" : "Уровень 1",
    "UA" : "Рівень 1",
    "LT" : "Lygis 1"
  },
  "2": {
    "EN" : "Level 2",
    "RU" : "Уровень 2",
    "UA" : "Рівень 2",
    "LT" : "Lygis 2"
  },
  "3": {
    "EN" : "Level 3",
    "RU" : "Уровень 3",
    "UA" : "Рівень 3",
    "LT" : "Lygis 3"
  },
  "4": {
    "EN" : "Level 4",
    "RU" : "Уровень 4",
    "UA" : "Рівень 4",
    "LT" : "Lygis 4"
  },
  "5": {
    "EN" : "Level 5",
    "RU" : "Уровень 5",
    "UA" : "Рівень 5",
    "LT" : "Lygis 5"
  },
  "6": {
    "EN" : "Level 6",
    "RU" : "Уровень 6",
    "UA" : "Рівень 6",
    "LT" : "Lygis 6"
  },
  "7": {
    "EN" : "Level 7",
    "RU" : "Уровень 7",
    "UA" : "Рівень 7",
    "LT" : "Lygis 7"
  },
  "8": {
    "EN" : "Level 8",
    "RU" : "Уровень 8",
    "UA" : "Рівень 8",
    "LT" : "Lygis 8"
  },
  "9": {
    "EN" : "Level 9",
    "RU" : "Уровень 9",
    "UA" : "Рівень 9",
    "LT" : "Lygis 9"
  },
  "10": {
    "EN" : "Level 10",
    "RU" : "Уровень 10",
    "UA" : "Рівень 10",
    "LT" : "Lygis 10"
  }
}