{
  "title": "LR WEB | Home - Mini Statistics",
  "info": "Adds blocks with information:<br> - The total number of players;<br> - The number of players logged into the server in the last 24 hours;<br> - The number of headshots;",
  "author": "M0st1ce",
  "page": "home",
  "version": "0.1",
  "required": {
    "core": "0.2",
    "php": "5.4"
  },
  "setting": {
    "status": 1,
    "type": 2,
    "available_types": "1;2",
    "translation": 1,
    "interface": 1,
    "interface_adjacent": "afternavbar",
    "data": 1,
    "css": 1,
    "cache_enable": 0,
    "cache_time": 1800
  }
}