{
  "title": "LR WEB | Rank Distribution Stats",
  "info": "Rank distribution statistics",
  "author": "M0st1ce & steamcommunity.com/id/DesignedRay/",
  "page": "rankstats",
  "version": "0.2",
  "required": {
    "core":"0.2","php":"5.4"
  },
  "setting": {
    "status": 1,
    "type": 1,
    "available_types": "1",
    "interface": 1,
    "interface_adjacent": "afternavbar",
    "data": 1,
    "css": 1,
    "cache_enable": 1,
    "cache_time": 86400
  },
  "sidebar": {
    "0": {
      "href": "?page=rankstats",
      "open_new_tab": "0",
      "icon_group": "zmdi",
      "icon_category": "",
      "icon": "flag",
      "name": "_Rank_distribution",
      "sidebar_directory": "_Sidebar_statistics"
    }
  }
}