{
  "title": "LR WEB | LK - Personal Area",
  "info": "The ability to replenish the balance on the server",
  "author": "SAPSAN 隼",
  "page": "lk",
  "version": "0.4",
  "required": {
    "core":"0.2","php":"5.4"
  },
  "setting": {
    "status": 1,
    "type": 1,
    "available_types": "1",
    "sessions": 0,
    "translation": 1,
    "interface": 1,
    "data": 1,
    "data_always": 0,
    "css": 1,
    "js": 1,
    "cache_enable": 0,
    "cache_time": 0
  },
  "sidebar":
{
  "0": {
    "href": "?page=lk",
    "open_new_tab": "0",
    "icon_group": "money",
    "icon_category": null,
    "icon": "money",
    "name": "_LK",
    "sidebar_directory": "_Sidebar_blocks"
  }}
}