{
  "title": "LR WEB - Comms - Список мутов/гагов",
  "info": "Интеграция SourceBans. Добавляет страницу со списком мутов и гагов игроков.",
  "author": "M0st1ce",
  "page": "comms",
  "version": "0.1",
  "required": {
    "core":"0.2","php":"5.4"
  },
  "setting": {
    "status": 1,
    "type": 1,
    "available_types": "1",
    "interface": 1,
	"interface_adjacent": "afternavbar",
    "data": 1
  },
  "sidebar":
{
  "0": {
    "href": "?page=comms",
    "open_new_tab": "0",
    "icon_group": "zmdi",
    "icon_category": "",
    "icon": "mic-off",
    "name": "_Comms",
    "sidebar_directory": "_Sidebar_blocks"
  }}
}