{
  "title": "LR WEB | LK TOP Donations",
  "info": "Adds a page with donated players",
  "author": "M0st1ce",
  "page": "lk_top",
  "version": "0.1",
  "required": {
    "core":"0.2","php":"5.4"
  },
  "setting": {
    "status": 1,
    "type": 1,
    "available_types": "1",
    "translation": 1,
    "interface": 1,
    "interface_adjacent": "afternavbar",
    "data": 1
  },
  "sidebar": {
    "0": {
      "href": "?page=lk_top",
      "open_new_tab": "0",
      "icon_group": "zmdi",
      "icon_category": "",
      "icon": "balance",
      "name": "Топ донатеров",
      "sidebar_directory": "_Sidebar_statistics"
    }
  }
}