{
  "title": "LR WEB | Home - Mini-Statistics on SB/MA",
  "info": "Adds blocks with information:<br>- Total number of admins;<br>- Number of bans;<br> - Number of mutes/gags;",
  "author": "M0st1ce",
  "page": "home",
  "version": "0.1",
  "required": {
    "core": "0.2",
    "php": "5.4"
  },
  "setting": {
    "status": 1,
    "type": 1,
    "available_types": "1",
    "translation": 1,
    "interface": 1,
	"interface_adjacent": "afternavbar",
    "data": 1,
    "css": 1,
    "cache_enable": 0,
    "cache_time": 1800
  }
}