{
  "title": "LR WEB | All - Social Media Networks",
  "info": "Adds social media networks to Sidebar :D",
  "author": "M0st1ce",
  "page": "home",
  "version": "1",
  "required": {
    "core":"0.2","php":"5.4"
  },
  "setting": {
    "status": 1,
    "type": 1,
    "available_types": "1"
  },
  "sidebar":
  {
    "0": {
      "href": "https://steamcommunity.com/",
      "open_new_tab": "1",
      "icon_group": "zmdi",
      "icon_category": "",
      "icon": "steam-square",
      "name": "Steam Group",
      "sidebar_directory": "_Sidebar_social"
    },
    "1": {
      "href": "https://vk.com/",
      "open_new_tab": "1",
      "icon_group": "zmdi",
      "icon_category": "",
      "icon": "vk",
      "name": "Vkontakte Community",
      "sidebar_directory": "_Sidebar_social"
    },
    "2": {
      "href": "https://discord.gg/",
      "open_new_tab": "1",
      "icon_group": "custom",
      "icon_category": "socials",
      "icon": "discord",
      "name": "Discord",
      "sidebar_directory": "_Sidebar_social"
    }
  }
}