{
  "_Ratio_KD": {
    "DE": "K/D Verhältnis:",
    "EN": "K/D Ratio:",
    "RU": "Убийств / Смертей - К/Д:",
    "UA": "Вбивств / Смертей - К/Д:",
	"LT": "Nužydymų / Mirčių - N/M:",
    "CH": "K/D 比:",
	"CRO": "U/S Odnos",
    "RS": "U/S Odnos",
	"BA": "U/S Odnos"
  },
  "_Ratio_SH": {
    "DE": "Schüsse / Treffer:",
    "EN": "Shoots / Hits:",
    "RU": "Попаданий / Выстрелов:",
    "UA": "Влучень / Пострілів:",
	"LT": "Šūvių / Pataikymų:",
    "CH": "射击次数 / 击中次数:",
	"CRO": "Pucanja / Pogodaka",
    "RS": "Pucanja / Pogodaka",
	"BA": "Pucanja / Pogodaka"
  },
  "unusualkills_phrases": {
      "OP": "_First_round_kills",
      "Penetrated": "_Penetrated_kills",
      "NoScope": "_Killing_without_scope",
      "Run": "_Kills_on_run",
      "Jump": "_Jump_kills",
      "Flash": "_Kills_flash",
      "Smoke": "_Smoke_kills",
      "Whirl": "_Kills_whirl",
      "LastClip": "_Kills_last_shoot"
  },
  "unusualkills_icons": {
      "OP": "fire",
      "Penetrated": "play-for-work",
      "NoScope": "circle-o",
      "Run": "run",
      "Jump": "eye-off",
      "Flash": "row-right-top",
      "Smoke": "cloud-outline-alt",
      "Whirl": "refresh-alt",
      "LastClip": "repeat-one"
  },
  "_Game_time": {
    "DE": "Spielzeit",
    "EN": "Playtime:",
	"BR": "Tempo de Jogo:",
    "RU": "Игровое время:",
    "UA": "ігровий час:",
	"LT": "Pražaistas laikas:",
    "CH": "游玩时间:",
	"CRO": "Vrijeme igranja",
    "RS": "Vreme igranja",
	"BA": "Vrijeme igranja"
  },
   "_First_round_kills": {
    "DE": "Erstes Blut",
    "EN": "First Blood",
    "RU": "Первых убийств",
    "UA": "Перших вбивств",
	"LT": "Pirmas kraujas",
    "CH": "首杀:",
	"CRO": "Prvih ubojstava",
    "RS": "Prvih ubistava",
	"BA": "Prvih ubistava"
  },
  "_Favorite_weapons": {
    "DE": "Lieblingswaffen:",
    "EN": "Favorite Weapons:",
	"BR": "Armas Favoritas:",
    "RU": "Любимое оружие:",
    "UA": "Улюблена зброя:",
	"LT": "Mėgstamiausi ginklai",
    "CH": "最爱使用的武器:",
	"CRO": "Omiljeno oružije",
    "RS": "Omiljeno oružije",
	"BA": "Omiljeno oružije"
  },
  "_Kill count": {
    "DE": "Die Anzahl der Kills:",
    "EN": "Nº of Kills:",
	"BR": "Nº de Kills:",
    "RU": "Количество убийств:",
    "UA": "Кількість вбивств:",
	"LT": "Nužudymų skaičius:",
    "CH": "击杀数:",
	"CRO": "Broj ubojstava",
    "RS": "Broj ubistava",
	"BA": "Broj ubistava"
  },
  "_Matches": {
    "DE": "Spiele:",
    "EN": "Matches:",
	"BR": "Matches:",
    "RU": "Матчей:",
    "UA": "Матчів:",
	"LT": "Mačų:",
    "CH": "比赛数:",
	"CRO": "Mečeva",
    "RS": "Mečeva",
	"BA": "Mečeva"
  },
  "_Winning_percentage": {
    "DE": "Gewinnrate",
    "EN": "Win Rate",
    "RU": "Побед %",
    "UA": "Перемог %",
	"LT": "Laimėjimų %",
    "CH": "胜率",
	"CRO": "Odnos Pobjeda",
    "RS": "Odnos Pobeda",
	"BA": "Odnos Pobjeda"
  },
  "_Triple_Kills": {
    "DE": "Dreifacher Kill:",
    "EN": "Triple Kills:",
    "RU": "Трипл-киллов:",
    "UA": "Три вбивства:",
	"LT": "Trigubi nužudymai:",
    "CH": "三杀:",
	"CRO": "Trostrukih ubojstava",
    "RS": "Trostrukih ubistava",
	"BA": "Trostrukih ubistava"
  },
  "_Quad_kills": {
    "DE": "Vierfacher Kill:",
    "EN": "Quad Kills:",
    "RU": "Квадро-киллов:",
    "UA": "Чотири вбивства:",
	"LT": "Keturgubi nužudymai:",
    "CH": "四杀:",
	"CRO": "Četverostrukih ubojstava",
    "RS": "Četverostrukih ubistava",
	"BA": "Četverostrukih ubistava"
  },
  "_Ace": {
    "DE": "Ace",
    "EN": "Ace:",
    "RU": "Эйсов:",
    "UA": "Ace:",
	"LT": "Ace:",
    "CH": "五杀:",
	"CRO": "Ace",
    "RS": "Ace",
	"BA": "Ace"
  },
  "_Value_rank": {
    "DE": "Gesamtpunktzahl / Rang:",
    "EN": "Total Points / Rank:",
	"BR": "Total de Pontos / Rank:",
    "RU": "Количество очков / ранг:",
    "UA": "Кількість поінтів / звання:",
	"LT": "Išviso taškų / Rangas",
    "CH": "总分数 / 段位:",
	"CRO": "Ukupno Poena",
    "RS": "Ukupno Poena",
	"BA": "Ukupno Poena"
  },
  "_Total_winning_percentage": {
    "DE": "Gesamtprozentsatz der Gewinne:",
    "EN": "Winnings Percentage:",
    "RU": "Общий процент побед:",
    "UA": "Загальний відсоток перемог:",
    "LT": "Laimėjimai procentais %:",
    "CH": "总胜率:",
	"CRO": "Pobjednički procenat",
    "RS": "Pobednički procenat",
	"BA": "Pobjednički procenat"
  },
   "_Weapon": {
     "DE": "Waffe",
    "EN": "Weapon",
    "RU": "Оружие",
    "UA": "Зброя",
	"LT": "Ginklas",
    "CH": "武器:",
	"CRO": "Oružije",
    "RS": "Oružije",
	"BA": "Oružije"
  },
  "_Player_profile": {
    "DE": "Spielerprofil",
    "EN": "Player Profile",
	"BR": "Perfil do Player",
    "RU": "Профиль игрока",
    "UA": "Сторінка гравця",
	"LT": "Žaidėjo profilis",
    "CH": "玩家个人资料:",
	"CRO": "Profil Igrača",
    "RS": "Profil Igrača",
	"BA": "Profil Igrača"
  },
  "_Penetrated_kills": {
    "DE": "Durchdrungene Kills",
    "EN": "Penetrated Kills",
    "RU": "Убийств прострелом",
    "UA": "Вбивств прострілом",
	"LT": "Nužudymai per sieną",
    "CH": "穿透击杀:",
	"CRO": "Prodorna Ubojstva",
    "RS": "Prodorna Ubistva",
	"BA": "Prodorna Ubistva"
  },
  "_Killing_without_scope": {
    "DE": "ohne Visier getötet",
    "EN": "No-Scope Kills",
    "RU": "Убийств без прицела",
    "UA": "Вбивств без прицілу",
	"LT": "Nužudymai be taikiklio",
    "CH": "盲狙:",
	"CRO": "Ubojstva bez optičkog nišana",
    "RS": "Ubistava bez optičkog nišana",
	"BA": "Ubistava bez optičkog nišana"
  },
  "_Kills_on_run": {
    "DE": "Während des Laufens getötet",
    "EN": "While Running Kills",
    "RU": "Убийств на бегу",
    "UA": "Вбивств на бігу",
	"LT": "Nužudymai bėgant",
    "CH": "跑打击杀:",
	"CRO": "Ubojstva u hodu",
    "RS": "Ubistva u hodu",
	"BA": "Ubistva u hodu"
  },
  "_Kills_flash": {
    "DE": "Getötet durch Blendgranate",
    "EN": "While Flashed Kills",
    "RU": "Убийств слепым",
    "UA": "Вбивств сліпим",
	"LT": "Nužydymai esant apakus",
    "CH": "致盲击杀:",
	"CRO": "Ubojstva oslepljen",
    "RS": "Ubistva oslepljen",
	"BA": "Ubistva oslepljen"
  },
  "_Jump_kills": {
    "DE": "im Sprung getötet",
    "EN": "Jump Kills",
    "RU": "Убийств в прыжке",
    "UA": "Вбивств в стрибку",
	"LT": "Nužudymai Ore",
    "CH": "空中击杀:",
	"CRO": "Ubojstva u skoku",
    "RS": "Ubistava u skoku",
	"BA": "Ubistava u skoku"
  },
  "_Smoke_kills": {
    "DE": "Getötet durch Rauchwolke",
    "EN": "Smoke Kills",
    "RU": "Убийств в дым",
    "UA": "Вбивств в дим",
	"LT": "Nužudymai naudojant duminę g.",
    "CH": "穿烟击杀:",
	"CRO": "Ubojstva u dimnoj",
    "RS": "Ubistava u dimnoj",
	"BA": "Ubistava u dimnoj"
  },
  "_Kills_whirl": {
    "DE": "Getötet in der Drehung",
    "EN": "180º-360º Kills",
    "RU": "Убийств с разворота",
    "UA": "Вбивств з розвороту",
	"LT": "Nužudymai 180-360°",
    "CH": "大幅度转头击杀:",
	"CRO": "180-360° Ubojstva",
    "RS": "180-360° Ubistva",
	"BA": "180-360° Ubistva"
  },
  "_Kills_last_shoot": {
    "EN": "Last Clip Kills",
    "RU": "Убийств последним патроном",
    "UA": "Вбивств останнім патроном"
  },
  "_Last_connect": {
    "EN": "Last Connect",
	"BR": "Última Conexão:",
    "RU": "Последняя игра",
	"UA": "Останнє підключення",
	"CRO": "Posljednja konekcija",
    "RS": "Poslednja konekcija",
	"BA": "Poslednja konekcija"
  },
  "_Head": {
    "EN": "Head",
    "RU": "Голова",
	"UA": "Голова",
	"CRO": "Glava",
    "RS": "Glava",
	"BA": "Glava"
  },
  "_Neak": {
    "EN": "Neak",
    "RU": "Шея",
	"UA": "Шия",
	"CRO": "Vrat",
    "RS": "Vrat",
	"BA": "Vrat"
  },
  "_Light_arm": {
    "EN": "Light Arm",
    "RU": "Левая рука",
	"UA": "Ліва рука",
	"CRO": "Lijeva ruka",
    "RS": "Leva ruka",
	"BA": "Lijeva ruka"
  },
  "_Right_arm": {
    "EN": "Right Arm",
    "RU": "Правая рука",
	"UA": "Права рука",
	"CRO": "Desna Ruka",
    "RS": "Desna Ruka",
	"BA": "Desna Ruka"
  },
  "_Left_leg": {
    "EN": "Left Leg",
    "RU": "Левая нога",
	"UA": "Ліва нога",
	"CRO": "Lijeva noga",
    "RS": "Leva noga",
	"BA": "Lijeva noga"
  },
  "_Right_leg": {
    "EN": "Right Leg",
    "RU": "Правая нога",
	"UA": "Права нога",
	"CRO": "Desna noga",
    "RS": "Desna noga",
	"BA": "Desna noga"
  },
  "_Belly": {
    "EN": "Belly",
    "RU": "Живот",
	"UA": "Живіт",
	"CRO": "Trbuh",
    "RS": "Trbuh",
	"BA": "Trbuh"
  },
  "_Chest": {
    "EN": "Chest",
    "RU": "Грудь",
	"UA": "Груди",
	"CRO": "Prsa",
    "RS": "Prsa",
	"BA": "Prsa"
  }
}
